{
	"Camera":	{
		"View Matrix":	[-0.6494671106338501, 0, -0.76038968563079834, 0, 0.0026541161350905895, 0.99999392032623291, -0.0022669443860650063, 0, -0.76038503646850586, 0.0034904682543128729, 0.64946317672729492, 0, 28.238435745239258, 1.8265464305877686, 178.01092529296875, 1],
		"Yaw":	-580.50146484375,
		"Pitch":	0.19998949766159058
	},
	"Sun":	{
		"Sun Direction":	[-0.18303880095481873, 0.10452628135681152, -0.97753316164016724],
		"Sun Color":	[1, 0.85500001907348633, 0.74000000953674316],
		"Sun Intensity":	1.2000000476837158,
		"Sun Size":	5
	},
	"FBM":	{
		"Amplitude":	2,
		"Frequency":	0.045000001788139343,
		"Octaves":	16,
		"Use Derivatives":	true,
		"Smoothness":	0.75
	},
	"Terrain":	{
		"Height":	2.690000057220459,
		"Snow Level":	0,
		"Grass Level":	0,
		"Water Enabled":	false,
		"Water Level":	1.2749999761581421
	}
}