{
	"Camera":	{
		"View Matrix":	[-0.87462329864501953, 0, -0.48480322957038879, 0, 0.0042305248789489269, 0.99996191263198853, -0.0076322006061673164, 0, -0.48478478193283081, 0.0087262727320194244, 0.87459003925323486, 0, 10.155133247375488, 0.743469774723053, 160.96195983886719, 1],
		"Yaw":	-601.00042724609375,
		"Pitch":	0.49998489022254944
	},
	"Sun":	{
		"Sun Direction":	[0.041393008083105087, 0.47377273440361023, 0.87967383861541748],
		"Sun Color":	[1, 0.85500001907348633, 0.74000000953674316],
		"Sun Intensity":	0.64999997615814209,
		"Sun Size":	5
	},
	"FBM":	{
		"Amplitude":	0.5899999737739563,
		"Frequency":	0.034000001847743988,
		"Octaves":	12,
		"Use Derivatives":	false,
		"Smoothness":	5
	},
	"Terrain":	{
		"Height":	10,
		"Snow Level":	10,
		"Grass Level":	10,
		"Water Enabled":	true,
		"Water Level":	0.048999998718500137
	}
}