{
	"Camera":	{
		"View Matrix":	[0.993571937084198, 0, -0.11320178210735321, 0, 0.0051351846195757389, 0.998970627784729, 0.045071512460708618, 0, -0.11308526992797852, 0.045363109558820724, -0.99254930019378662, 0, 21.304912567138672, 1.5263009071350098, 195.29736328125, 1],
		"Yaw":	-96.499916076660156,
		"Pitch":	2.6000068187713623
	},
	"Sun":	{
		"Sun Direction":	[-0.28469976782798767, 0.62996608018875122, -0.72255712747573853],
		"Sun Color":	[1, 0.85500001907348633, 0.74000000953674316],
		"Sun Intensity":	1.2000000476837158,
		"Sun Size":	5
	},
	"FBM":	{
		"Amplitude":	1.6699999570846558,
		"Frequency":	0.029999999329447746,
		"Octaves":	16,
		"Use Derivatives":	false,
		"Smoothness":	1
	},
	"Terrain":	{
		"Height":	10,
		"Snow Level":	1.3999999761581421,
		"Grass Level":	0.5,
		"Water Enabled":	true,
		"Water Level":	0.8970000147819519
	}
}