{
	"Camera":	{
		"View Matrix":	[-0.26049453020095825, 0, -0.96547526121139526, 0, -0.043797098100185394, 0.99897056818008423, 0.011816879734396935, 0, -0.9644814133644104, -0.045363247394561768, 0.26022636890411377, 0, -5.3536124229431152, 5.8457503318786621, 90.505767822265625, 1],
		"Yaw":	-195.09941101074219,
		"Pitch":	-2.6000149250030518
	},
	"Sun":	{
		"Sun Direction":	[0, 0.7071068286895752, -0.7071068286895752],
		"Sun Color":	[1, 0.85500001907348633, 0.74000000953674316],
		"Sun Intensity":	0,
		"Sun Size":	5
	},
	"FBM":	{
		"Amplitude":	1.1699999570846558,
		"Frequency":	0.032000001519918442,
		"Octaves":	16,
		"Use Derivatives":	false,
		"Smoothness":	1
	},
	"Terrain":	{
		"Height":	10,
		"Snow Level":	1.3999999761581421,
		"Grass Level":	0.5,
		"Water Enabled":	false,
		"Water Level":	0.40000000596046448
	}
}