{
	"Camera":	{
		"View Matrix":	[-0.87462115287780762, 0, -0.48480713367462158, 0, -0.0067690187133848667, 0.999902606010437, 0.012211715802550316, 0, -0.4847598671913147, -0.013962292112410069, 0.874535858631134, 0, -139.59748840332031, 1.7104867696762085, -25.727262496948242, 1],
		"Yaw":	-241.00016784667969,
		"Pitch":	-0.80000638961791992
	},
	"Sun":	{
		"Sun Direction":	[0.17458924651145935, 0.24164235591888428, 0.95453000068664551],
		"Sun Color":	[1, 0.85500001907348633, 0.74000000953674316],
		"Sun Intensity":	1.2000000476837158,
		"Sun Size":	5
	},
	"FBM":	{
		"Amplitude":	2,
		"Frequency":	0.125,
		"Octaves":	16,
		"Use Derivatives":	false,
		"Smoothness":	1
	},
	"Terrain":	{
		"Height":	2.2799999713897705,
		"Snow Level":	1.6100000143051147,
		"Grass Level":	1.6100000143051147,
		"Water Enabled":	false,
		"Water Level":	0.40000000596046448
	}
}