{
	"Camera":	{
		"View Matrix":	[-0.99802678823471069, 0, 0.062791518867015839, 0, -0.00032877811463549733, 0.99998629093170166, -0.0052256956696510315, 0, 0.0627906545996666, 0.00523602869361639, 0.99801307916641235, 0, -4.6964259147644043, 1.9653307199478149, 249.17782592773438, 1],
		"Yaw":	-273.60006713867188,
		"Pitch":	0.30000367760658264
	},
	"Sun":	{
		"Sun Direction":	[-0.12813962996006012, 0.15479002892971039, 0.9796021580696106],
		"Sun Color":	[1, 0.85500001907348633, 0.74000000953674316],
		"Sun Intensity":	1.2000000476837158,
		"Sun Size":	5
	},
	"FBM":	{
		"Amplitude":	0.029999999329447746,
		"Frequency":	0.77399998903274536,
		"Octaves":	16,
		"Use Derivatives":	false,
		"Smoothness":	1
	},
	"Terrain":	{
		"Height":	8.4399995803833,
		"Snow Level":	8.4399995803833,
		"Grass Level":	8.4399995803833,
		"Water Enabled":	true,
		"Water Level":	1.2749999761581421
	}
}