{
	"Camera":	{
		"View Matrix":	[-0.96770703792572021, 0, 0.252077579498291, 0, -0.0057189092040061951, 0.99974262714385986, -0.02195446565747261, 0, 0.252012699842453, 0.022687099874019623, 0.96745795011520386, 0, -8.1439018249511719, 1.6947420835494995, 195.66786193847656, 1],
		"Yaw":	-284.60049438476563,
		"Pitch":	1.2999866008758545
	},
	"Sun":	{
		"Sun Direction":	[-0.18303880095481873, 0.10452628135681152, -0.97753316164016724],
		"Sun Color":	[1, 0.85500001907348633, 0.74000000953674316],
		"Sun Intensity":	1.2000000476837158,
		"Sun Size":	5
	},
	"FBM":	{
		"Amplitude":	0.37999999523162842,
		"Frequency":	0.25600001215934753,
		"Octaves":	16,
		"Use Derivatives":	true,
		"Smoothness":	5
	},
	"Terrain":	{
		"Height":	10,
		"Snow Level":	5.2600002288818359,
		"Grass Level":	0,
		"Water Enabled":	false,
		"Water Level":	1.2749999761581421
	}
}